DATAFLOW,LAST UPDATE,freq,indic,unit,geo,TIME_PERIOD,OBS_VALUE,OBS_FLAG,CONF_STATUS
ESTAT:TEICP270(1.0),03/10/25 11:00:00,Quarterly,Total,"Index, 2015=100 (NSA)",Austria,2022-Q3,173.59,,
ESTAT:TEICP270(1.0),03/10/25 11:00:00,Quarterly,Total,"Index, 2015=100 (NSA)",Austria,2022-Q4,166.32,,
ESTAT:TEICP270(1.0),03/10/25 11:00:00,Quarterly,Total,"Index, 2015=100 (NSA)",Austria,2023-Q1,164.35,,
ESTAT:TEICP270(1.0),03/10/25 11:00:00,Quarterly,Total,"Index, 2015=100 (NSA)",Austria,2023-Q2,164.68,,
ESTAT:TEICP270(1.0),03/10/25 11:00:00,Quarterly,Total,"Index, 2015=100 (NSA)",Austria,2023-Q3,164.29,,
ESTAT:TEICP270(1.0),03/10/25 11:00:00,Quarterly,Total,"Index, 2015=100 (NSA)",Austria,2023-Q4,161.40,,
ESTAT:TEICP270(1.0),03/10/25 11:00:00,Quarterly,Total,"Index, 2015=100 (NSA)",Austria,2024-Q1,159.54,,
ESTAT:TEICP270(1.0),03/10/25 11:00:00,Quarterly,Total,"Index, 2015=100 (NSA)",Austria,2024-Q2,164.34,,
ESTAT:TEICP270(1.0),03/10/25 11:00:00,Quarterly,Total,"Index, 2015=100 (NSA)",Austria,2024-Q3,165.13,,
ESTAT:TEICP270(1.0),03/10/25 11:00:00,Quarterly,Total,"Index, 2015=100 (NSA)",Austria,2024-Q4,163.23,,
ESTAT:TEICP270(1.0),03/10/25 11:00:00,Quarterly,Total,"Index, 2015=100 (NSA)",Austria,2025-Q1,165.17,,
ESTAT:TEICP270(1.0),03/10/25 11:00:00,Quarterly,Total,"Index, 2015=100 (NSA)",Austria,2025-Q2,167.84,p,
ESTAT:TEICP270(1.0),03/10/25 11:00:00,Quarterly,Total,"Index, 2015=100 (NSA)",Belgium,2022-Q3,134.96,,
ESTAT:TEICP270(1.0),03/10/25 11:00:00,Quarterly,Total,"Index, 2015=100 (NSA)",Belgium,2022-Q4,134.55,,
ESTAT:TEICP270(1.0),03/10/25 11:00:00,Quarterly,Total,"Index, 2015=100 (NSA)",Belgium,2023-Q1,135.04,,
ESTAT:TEICP270(1.0),03/10/25 11:00:00,Quarterly,Total,"Index, 2015=100 (NSA)",Belgium,2023-Q2,134.55,,
ESTAT:TEICP270(1.0),03/10/25 11:00:00,Quarterly,Total,"Index, 2015=100 (NSA)",Belgium,2023-Q3,136.31,,
ESTAT:TEICP270(1.0),03/10/25 11:00:00,Quarterly,Total,"Index, 2015=100 (NSA)",Belgium,2023-Q4,138.28,,
ESTAT:TEICP270(1.0),03/10/25 11:00:00,Quarterly,Total,"Index, 2015=100 (NSA)",Belgium,2024-Q1,139.36,,
ESTAT:TEICP270(1.0),03/10/25 11:00:00,Quarterly,Total,"Index, 2015=100 (NSA)",Belgium,2024-Q2,138.96,,
ESTAT:TEICP270(1.0),03/10/25 11:00:00,Quarterly,Total,"Index, 2015=100 (NSA)",Belgium,2024-Q3,141.16,,
ESTAT:TEICP270(1.0),03/10/25 11:00:00,Quarterly,Total,"Index, 2015=100 (NSA)",Belgium,2024-Q4,142.18,,
ESTAT:TEICP270(1.0),03/10/25 11:00:00,Quarterly,Total,"Index, 2015=100 (NSA)",Belgium,2025-Q1,143.08,,
ESTAT:TEICP270(1.0),03/10/25 11:00:00,Quarterly,Total,"Index, 2015=100 (NSA)",Belgium,2025-Q2,143.00,p,
ESTAT:TEICP270(1.0),03/10/25 11:00:00,Quarterly,Total,"Index, 2015=100 (NSA)",Bulgaria,2022-Q3,174.43,,
ESTAT:TEICP270(1.0),03/10/25 11:00:00,Quarterly,Total,"Index, 2015=100 (NSA)",Bulgaria,2022-Q4,175.14,,
ESTAT:TEICP270(1.0),03/10/25 11:00:00,Quarterly,Total,"Index, 2015=100 (NSA)",Bulgaria,2023-Q1,177.93,,
ESTAT:TEICP270(1.0),03/10/25 11:00:00,Quarterly,Total,"Index, 2015=100 (NSA)",Bulgaria,2023-Q2,185.50,,
ESTAT:TEICP270(1.0),03/10/25 11:00:00,Quarterly,Total,"Index, 2015=100 (NSA)",Bulgaria,2023-Q3,190.48,,
ESTAT:TEICP270(1.0),03/10/25 11:00:00,Quarterly,Total,"Index, 2015=100 (NSA)",Bulgaria,2023-Q4,192.78,,
ESTAT:TEICP270(1.0),03/10/25 11:00:00,Quarterly,Total,"Index, 2015=100 (NSA)",Bulgaria,2024-Q1,206.42,,
ESTAT:TEICP270(1.0),03/10/25 11:00:00,Quarterly,Total,"Index, 2015=100 (NSA)",Bulgaria,2024-Q2,213.53,,
ESTAT:TEICP270(1.0),03/10/25 11:00:00,Quarterly,Total,"Index, 2015=100 (NSA)",Bulgaria,2024-Q3,221.91,,
ESTAT:TEICP270(1.0),03/10/25 11:00:00,Quarterly,Total,"Index, 2015=100 (NSA)",Bulgaria,2024-Q4,228.00,,
ESTAT:TEICP270(1.0),03/10/25 11:00:00,Quarterly,Total,"Index, 2015=100 (NSA)",Bulgaria,2025-Q1,237.55,,
ESTAT:TEICP270(1.0),03/10/25 11:00:00,Quarterly,Total,"Index, 2015=100 (NSA)",Bulgaria,2025-Q2,246.65,p,
ESTAT:TEICP270(1.0),03/10/25 11:00:00,Quarterly,Total,"Index, 2015=100 (NSA)",Cyprus,2022-Q3,109.95,,
ESTAT:TEICP270(1.0),03/10/25 11:00:00,Quarterly,Total,"Index, 2015=100 (NSA)",Cyprus,2022-Q4,108.27,,
ESTAT:TEICP270(1.0),03/10/25 11:00:00,Quarterly,Total,"Index, 2015=100 (NSA)",Cyprus,2023-Q1,110.31,,
ESTAT:TEICP270(1.0),03/10/25 11:00:00,Quarterly,Total,"Index, 2015=100 (NSA)",Cyprus,2023-Q2,110.15,,
ESTAT:TEICP270(1.0),03/10/25 11:00:00,Quarterly,Total,"Index, 2015=100 (NSA)",Cyprus,2023-Q3,110.65,,
ESTAT:TEICP270(1.0),03/10/25 11:00:00,Quarterly,Total,"Index, 2015=100 (NSA)",Cyprus,2023-Q4,109.95,,
ESTAT:TEICP270(1.0),03/10/25 11:00:00,Quarterly,Total,"Index, 2015=100 (NSA)",Cyprus,2024-Q1,111.53,,
ESTAT:TEICP270(1.0),03/10/25 11:00:00,Quarterly,Total,"Index, 2015=100 (NSA)",Cyprus,2024-Q2,112.86,,
ESTAT:TEICP270(1.0),03/10/25 11:00:00,Quarterly,Total,"Index, 2015=100 (NSA)",Cyprus,2024-Q3,113.62,,
ESTAT:TEICP270(1.0),03/10/25 11:00:00,Quarterly,Total,"Index, 2015=100 (NSA)",Cyprus,2024-Q4,112.47,,
ESTAT:TEICP270(1.0),03/10/25 11:00:00,Quarterly,Total,"Index, 2015=100 (NSA)",Cyprus,2025-Q1,113.71,,
ESTAT:TEICP270(1.0),03/10/25 11:00:00,Quarterly,Total,"Index, 2015=100 (NSA)",Cyprus,2025-Q2,113.99,,
ESTAT:TEICP270(1.0),03/10/25 11:00:00,Quarterly,Total,"Index, 2015=100 (NSA)",Czechia,2022-Q3,219.40,,
ESTAT:TEICP270(1.0),03/10/25 11:00:00,Quarterly,Total,"Index, 2015=100 (NSA)",Czechia,2022-Q4,214.50,,
ESTAT:TEICP270(1.0),03/10/25 11:00:00,Quarterly,Total,"Index, 2015=100 (NSA)",Czechia,2023-Q1,211.80,,
ESTAT:TEICP270(1.0),03/10/25 11:00:00,Quarterly,Total,"Index, 2015=100 (NSA)",Czechia,2023-Q2,211.00,,
ESTAT:TEICP270(1.0),03/10/25 11:00:00,Quarterly,Total,"Index, 2015=100 (NSA)",Czechia,2023-Q3,211.70,,
ESTAT:TEICP270(1.0),03/10/25 11:00:00,Quarterly,Total,"Index, 2015=100 (NSA)",Czechia,2023-Q4,212.30,,
ESTAT:TEICP270(1.0),03/10/25 11:00:00,Quarterly,Total,"Index, 2015=100 (NSA)",Czechia,2024-Q1,214.30,,
ESTAT:TEICP270(1.0),03/10/25 11:00:00,Quarterly,Total,"Index, 2015=100 (NSA)",Czechia,2024-Q2,219.90,,
ESTAT:TEICP270(1.0),03/10/25 11:00:00,Quarterly,Total,"Index, 2015=100 (NSA)",Czechia,2024-Q3,224.70,,
ESTAT:TEICP270(1.0),03/10/25 11:00:00,Quarterly,Total,"Index, 2015=100 (NSA)",Czechia,2024-Q4,230.20,,
ESTAT:TEICP270(1.0),03/10/25 11:00:00,Quarterly,Total,"Index, 2015=100 (NSA)",Czechia,2025-Q1,235.60,,
ESTAT:TEICP270(1.0),03/10/25 11:00:00,Quarterly,Total,"Index, 2015=100 (NSA)",Czechia,2025-Q2,243.00,,
ESTAT:TEICP270(1.0),03/10/25 11:00:00,Quarterly,Total,"Index, 2015=100 (NSA)",Germany,2022-Q3,166.30,,
ESTAT:TEICP270(1.0),03/10/25 11:00:00,Quarterly,Total,"Index, 2015=100 (NSA)",Germany,2022-Q4,158.50,,
ESTAT:TEICP270(1.0),03/10/25 11:00:00,Quarterly,Total,"Index, 2015=100 (NSA)",Germany,2023-Q1,153.70,,
ESTAT:TEICP270(1.0),03/10/25 11:00:00,Quarterly,Total,"Index, 2015=100 (NSA)",Germany,2023-Q2,151.60,,
ESTAT:TEICP270(1.0),03/10/25 11:00:00,Quarterly,Total,"Index, 2015=100 (NSA)",Germany,2023-Q3,149.30,,
ESTAT:TEICP270(1.0),03/10/25 11:00:00,Quarterly,Total,"Index, 2015=100 (NSA)",Germany,2023-Q4,146.40,,
ESTAT:TEICP270(1.0),03/10/25 11:00:00,Quarterly,Total,"Index, 2015=100 (NSA)",Germany,2024-Q1,145.80,,
ESTAT:TEICP270(1.0),03/10/25 11:00:00,Quarterly,Total,"Index, 2015=100 (NSA)",Germany,2024-Q2,147.80,,
ESTAT:TEICP270(1.0),03/10/25 11:00:00,Quarterly,Total,"Index, 2015=100 (NSA)",Germany,2024-Q3,149.00,,
ESTAT:TEICP270(1.0),03/10/25 11:00:00,Quarterly,Total,"Index, 2015=100 (NSA)",Germany,2024-Q4,149.20,,
ESTAT:TEICP270(1.0),03/10/25 11:00:00,Quarterly,Total,"Index, 2015=100 (NSA)",Germany,2025-Q1,150.90,p,
ESTAT:TEICP270(1.0),03/10/25 11:00:00,Quarterly,Total,"Index, 2015=100 (NSA)",Germany,2025-Q2,152.50,p,
ESTAT:TEICP270(1.0),03/10/25 11:00:00,Quarterly,Total,"Index, 2015=100 (NSA)",Denmark,2022-Q3,144.39,,
ESTAT:TEICP270(1.0),03/10/25 11:00:00,Quarterly,Total,"Index, 2015=100 (NSA)",Denmark,2022-Q4,140.99,,
ESTAT:TEICP270(1.0),03/10/25 11:00:00,Quarterly,Total,"Index, 2015=100 (NSA)",Denmark,2023-Q1,135.13,,
ESTAT:TEICP270(1.0),03/10/25 11:00:00,Quarterly,Total,"Index, 2015=100 (NSA)",Denmark,2023-Q2,135.67,,
ESTAT:TEICP270(1.0),03/10/25 11:00:00,Quarterly,Total,"Index, 2015=100 (NSA)",Denmark,2023-Q3,138.07,,
ESTAT:TEICP270(1.0),03/10/25 11:00:00,Quarterly,Total,"Index, 2015=100 (NSA)",Denmark,2023-Q4,140.26,,
ESTAT:TEICP270(1.0),03/10/25 11:00:00,Quarterly,Total,"Index, 2015=100 (NSA)",Denmark,2024-Q1,136.66,,
ESTAT:TEICP270(1.0),03/10/25 11:00:00,Quarterly,Total,"Index, 2015=100 (NSA)",Denmark,2024-Q2,140.94,,
ESTAT:TEICP270(1.0),03/10/25 11:00:00,Quarterly,Total,"Index, 2015=100 (NSA)",Denmark,2024-Q3,145.27,,
ESTAT:TEICP270(1.0),03/10/25 11:00:00,Quarterly,Total,"Index, 2015=100 (NSA)",Denmark,2024-Q4,145.50,,
ESTAT:TEICP270(1.0),03/10/25 11:00:00,Quarterly,Total,"Index, 2015=100 (NSA)",Denmark,2025-Q1,148.65,,
ESTAT:TEICP270(1.0),03/10/25 11:00:00,Quarterly,Total,"Index, 2015=100 (NSA)",Denmark,2025-Q2,151.21,,
ESTAT:TEICP270(1.0),03/10/25 11:00:00,Quarterly,Total,"Index, 2015=100 (NSA)","Euro area (EA11-1999, EA12-2001, EA13-2007, EA15-2008, EA16-2009, EA17-2011, EA18-2014, EA19-2015, EA20-2023)",2022-Q3,146.79,,
ESTAT:TEICP270(1.0),03/10/25 11:00:00,Quarterly,Total,"Index, 2015=100 (NSA)","Euro area (EA11-1999, EA12-2001, EA13-2007, EA15-2008, EA16-2009, EA17-2011, EA18-2014, EA19-2015, EA20-2023)",2022-Q4,144.21,,
ESTAT:TEICP270(1.0),03/10/25 11:00:00,Quarterly,Total,"Index, 2015=100 (NSA)","Euro area (EA11-1999, EA12-2001, EA13-2007, EA15-2008, EA16-2009, EA17-2011, EA18-2014, EA19-2015, EA20-2023)",2023-Q1,142.91,,
ESTAT:TEICP270(1.0),03/10/25 11:00:00,Quarterly,Total,"Index, 2015=100 (NSA)","Euro area (EA11-1999, EA12-2001, EA13-2007, EA15-2008, EA16-2009, EA17-2011, EA18-2014, EA19-2015, EA20-2023)",2023-Q2,143.16,,
ESTAT:TEICP270(1.0),03/10/25 11:00:00,Quarterly,Total,"Index, 2015=100 (NSA)","Euro area (EA11-1999, EA12-2001, EA13-2007, EA15-2008, EA16-2009, EA17-2011, EA18-2014, EA19-2015, EA20-2023)",2023-Q3,143.45,,
ESTAT:TEICP270(1.0),03/10/25 11:00:00,Quarterly,Total,"Index, 2015=100 (NSA)","Euro area (EA11-1999, EA12-2001, EA13-2007, EA15-2008, EA16-2009, EA17-2011, EA18-2014, EA19-2015, EA20-2023)",2023-Q4,142.36,,
ESTAT:TEICP270(1.0),03/10/25 11:00:00,Quarterly,Total,"Index, 2015=100 (NSA)","Euro area (EA11-1999, EA12-2001, EA13-2007, EA15-2008, EA16-2009, EA17-2011, EA18-2014, EA19-2015, EA20-2023)",2024-Q1,142.51,,
ESTAT:TEICP270(1.0),03/10/25 11:00:00,Quarterly,Total,"Index, 2015=100 (NSA)","Euro area (EA11-1999, EA12-2001, EA13-2007, EA15-2008, EA16-2009, EA17-2011, EA18-2014, EA19-2015, EA20-2023)",2024-Q2,145.14,,
ESTAT:TEICP270(1.0),03/10/25 11:00:00,Quarterly,Total,"Index, 2015=100 (NSA)","Euro area (EA11-1999, EA12-2001, EA13-2007, EA15-2008, EA16-2009, EA17-2011, EA18-2014, EA19-2015, EA20-2023)",2024-Q3,147.41,,
ESTAT:TEICP270(1.0),03/10/25 11:00:00,Quarterly,Total,"Index, 2015=100 (NSA)","Euro area (EA11-1999, EA12-2001, EA13-2007, EA15-2008, EA16-2009, EA17-2011, EA18-2014, EA19-2015, EA20-2023)",2024-Q4,148.25,,
ESTAT:TEICP270(1.0),03/10/25 11:00:00,Quarterly,Total,"Index, 2015=100 (NSA)","Euro area (EA11-1999, EA12-2001, EA13-2007, EA15-2008, EA16-2009, EA17-2011, EA18-2014, EA19-2015, EA20-2023)",2025-Q1,150.05,,
ESTAT:TEICP270(1.0),03/10/25 11:00:00,Quarterly,Total,"Index, 2015=100 (NSA)","Euro area (EA11-1999, EA12-2001, EA13-2007, EA15-2008, EA16-2009, EA17-2011, EA18-2014, EA19-2015, EA20-2023)",2025-Q2,152.59,,
ESTAT:TEICP270(1.0),03/10/25 11:00:00,Quarterly,Total,"Index, 2015=100 (NSA)",Euro area – 20 countries (from 2023),2022-Q3,146.90,,
ESTAT:TEICP270(1.0),03/10/25 11:00:00,Quarterly,Total,"Index, 2015=100 (NSA)",Euro area – 20 countries (from 2023),2022-Q4,144.40,,
ESTAT:TEICP270(1.0),03/10/25 11:00:00,Quarterly,Total,"Index, 2015=100 (NSA)",Euro area – 20 countries (from 2023),2023-Q1,143.09,,
ESTAT:TEICP270(1.0),03/10/25 11:00:00,Quarterly,Total,"Index, 2015=100 (NSA)",Euro area – 20 countries (from 2023),2023-Q2,143.35,,
ESTAT:TEICP270(1.0),03/10/25 11:00:00,Quarterly,Total,"Index, 2015=100 (NSA)",Euro area – 20 countries (from 2023),2023-Q3,143.63,,
ESTAT:TEICP270(1.0),03/10/25 11:00:00,Quarterly,Total,"Index, 2015=100 (NSA)",Euro area – 20 countries (from 2023),2023-Q4,142.55,,
ESTAT:TEICP270(1.0),03/10/25 11:00:00,Quarterly,Total,"Index, 2015=100 (NSA)",Euro area – 20 countries (from 2023),2024-Q1,142.69,,
ESTAT:TEICP270(1.0),03/10/25 11:00:00,Quarterly,Total,"Index, 2015=100 (NSA)",Euro area – 20 countries (from 2023),2024-Q2,145.33,,
ESTAT:TEICP270(1.0),03/10/25 11:00:00,Quarterly,Total,"Index, 2015=100 (NSA)",Euro area – 20 countries (from 2023),2024-Q3,147.60,,
ESTAT:TEICP270(1.0),03/10/25 11:00:00,Quarterly,Total,"Index, 2015=100 (NSA)",Euro area – 20 countries (from 2023),2024-Q4,148.44,,
ESTAT:TEICP270(1.0),03/10/25 11:00:00,Quarterly,Total,"Index, 2015=100 (NSA)",Euro area – 20 countries (from 2023),2025-Q1,150.25,,
ESTAT:TEICP270(1.0),03/10/25 11:00:00,Quarterly,Total,"Index, 2015=100 (NSA)",Euro area – 20 countries (from 2023),2025-Q2,152.79,,
ESTAT:TEICP270(1.0),03/10/25 11:00:00,Quarterly,Total,"Index, 2015=100 (NSA)",Estonia,2022-Q3,190.94,,
ESTAT:TEICP270(1.0),03/10/25 11:00:00,Quarterly,Total,"Index, 2015=100 (NSA)",Estonia,2022-Q4,191.38,,
ESTAT:TEICP270(1.0),03/10/25 11:00:00,Quarterly,Total,"Index, 2015=100 (NSA)",Estonia,2023-Q1,191.43,,
ESTAT:TEICP270(1.0),03/10/25 11:00:00,Quarterly,Total,"Index, 2015=100 (NSA)",Estonia,2023-Q2,198.79,,
ESTAT:TEICP270(1.0),03/10/25 11:00:00,Quarterly,Total,"Index, 2015=100 (NSA)",Estonia,2023-Q3,198.26,,
ESTAT:TEICP270(1.0),03/10/25 11:00:00,Quarterly,Total,"Index, 2015=100 (NSA)",Estonia,2023-Q4,202.40,,
ESTAT:TEICP270(1.0),03/10/25 11:00:00,Quarterly,Total,"Index, 2015=100 (NSA)",Estonia,2024-Q1,206.38,,
ESTAT:TEICP270(1.0),03/10/25 11:00:00,Quarterly,Total,"Index, 2015=100 (NSA)",Estonia,2024-Q2,212.10,,
ESTAT:TEICP270(1.0),03/10/25 11:00:00,Quarterly,Total,"Index, 2015=100 (NSA)",Estonia,2024-Q3,211.03,,
ESTAT:TEICP270(1.0),03/10/25 11:00:00,Quarterly,Total,"Index, 2015=100 (NSA)",Estonia,2024-Q4,209.64,,
ESTAT:TEICP270(1.0),03/10/25 11:00:00,Quarterly,Total,"Index, 2015=100 (NSA)",Estonia,2025-Q1,215.90,,
ESTAT:TEICP270(1.0),03/10/25 11:00:00,Quarterly,Total,"Index, 2015=100 (NSA)",Estonia,2025-Q2,223.74,,
ESTAT:TEICP270(1.0),03/10/25 11:00:00,Quarterly,Total,"Index, 2015=100 (NSA)",Spain,2022-Q3,144.15,,
ESTAT:TEICP270(1.0),03/10/25 11:00:00,Quarterly,Total,"Index, 2015=100 (NSA)",Spain,2022-Q4,142.99,,
ESTAT:TEICP270(1.0),03/10/25 11:00:00,Quarterly,Total,"Index, 2015=100 (NSA)",Spain,2023-Q1,143.98,,
ESTAT:TEICP270(1.0),03/10/25 11:00:00,Quarterly,Total,"Index, 2015=100 (NSA)",Spain,2023-Q2,146.97,,
ESTAT:TEICP270(1.0),03/10/25 11:00:00,Quarterly,Total,"Index, 2015=100 (NSA)",Spain,2023-Q3,150.68,,
ESTAT:TEICP270(1.0),03/10/25 11:00:00,Quarterly,Total,"Index, 2015=100 (NSA)",Spain,2023-Q4,149.13,,
ESTAT:TEICP270(1.0),03/10/25 11:00:00,Quarterly,Total,"Index, 2015=100 (NSA)",Spain,2024-Q1,153.18,,
ESTAT:TEICP270(1.0),03/10/25 11:00:00,Quarterly,Total,"Index, 2015=100 (NSA)",Spain,2024-Q2,158.63,,
ESTAT:TEICP270(1.0),03/10/25 11:00:00,Quarterly,Total,"Index, 2015=100 (NSA)",Spain,2024-Q3,163.12,,
ESTAT:TEICP270(1.0),03/10/25 11:00:00,Quarterly,Total,"Index, 2015=100 (NSA)",Spain,2024-Q4,166.07,,
ESTAT:TEICP270(1.0),03/10/25 11:00:00,Quarterly,Total,"Index, 2015=100 (NSA)",Spain,2025-Q1,172.00,,
ESTAT:TEICP270(1.0),03/10/25 11:00:00,Quarterly,Total,"Index, 2015=100 (NSA)",Spain,2025-Q2,178.89,,
ESTAT:TEICP270(1.0),03/10/25 11:00:00,Quarterly,Total,"Index, 2015=100 (NSA)","European Union (EU6-1958, EU9-1973, EU10-1981, EU12-1986, EU15-1995, EU25-2004, EU27-2007, EU28-2013, EU27-2020)",2022-Q3,150.02,,
ESTAT:TEICP270(1.0),03/10/25 11:00:00,Quarterly,Total,"Index, 2015=100 (NSA)","European Union (EU6-1958, EU9-1973, EU10-1981, EU12-1986, EU15-1995, EU25-2004, EU27-2007, EU28-2013, EU27-2020)",2022-Q4,147.89,,
ESTAT:TEICP270(1.0),03/10/25 11:00:00,Quarterly,Total,"Index, 2015=100 (NSA)","European Union (EU6-1958, EU9-1973, EU10-1981, EU12-1986, EU15-1995, EU25-2004, EU27-2007, EU28-2013, EU27-2020)",2023-Q1,146.73,,
ESTAT:TEICP270(1.0),03/10/25 11:00:00,Quarterly,Total,"Index, 2015=100 (NSA)","European Union (EU6-1958, EU9-1973, EU10-1981, EU12-1986, EU15-1995, EU25-2004, EU27-2007, EU28-2013, EU27-2020)",2023-Q2,147.33,,
ESTAT:TEICP270(1.0),03/10/25 11:00:00,Quarterly,Total,"Index, 2015=100 (NSA)","European Union (EU6-1958, EU9-1973, EU10-1981, EU12-1986, EU15-1995, EU25-2004, EU27-2007, EU28-2013, EU27-2020)",2023-Q3,148.28,,
ESTAT:TEICP270(1.0),03/10/25 11:00:00,Quarterly,Total,"Index, 2015=100 (NSA)","European Union (EU6-1958, EU9-1973, EU10-1981, EU12-1986, EU15-1995, EU25-2004, EU27-2007, EU28-2013, EU27-2020)",2023-Q4,148.00,,
ESTAT:TEICP270(1.0),03/10/25 11:00:00,Quarterly,Total,"Index, 2015=100 (NSA)","European Union (EU6-1958, EU9-1973, EU10-1981, EU12-1986, EU15-1995, EU25-2004, EU27-2007, EU28-2013, EU27-2020)",2024-Q1,148.93,,
ESTAT:TEICP270(1.0),03/10/25 11:00:00,Quarterly,Total,"Index, 2015=100 (NSA)","European Union (EU6-1958, EU9-1973, EU10-1981, EU12-1986, EU15-1995, EU25-2004, EU27-2007, EU28-2013, EU27-2020)",2024-Q2,151.79,,
ESTAT:TEICP270(1.0),03/10/25 11:00:00,Quarterly,Total,"Index, 2015=100 (NSA)","European Union (EU6-1958, EU9-1973, EU10-1981, EU12-1986, EU15-1995, EU25-2004, EU27-2007, EU28-2013, EU27-2020)",2024-Q3,154.16,,
ESTAT:TEICP270(1.0),03/10/25 11:00:00,Quarterly,Total,"Index, 2015=100 (NSA)","European Union (EU6-1958, EU9-1973, EU10-1981, EU12-1986, EU15-1995, EU25-2004, EU27-2007, EU28-2013, EU27-2020)",2024-Q4,155.31,,
ESTAT:TEICP270(1.0),03/10/25 11:00:00,Quarterly,Total,"Index, 2015=100 (NSA)","European Union (EU6-1958, EU9-1973, EU10-1981, EU12-1986, EU15-1995, EU25-2004, EU27-2007, EU28-2013, EU27-2020)",2025-Q1,157.44,,
ESTAT:TEICP270(1.0),03/10/25 11:00:00,Quarterly,Total,"Index, 2015=100 (NSA)","European Union (EU6-1958, EU9-1973, EU10-1981, EU12-1986, EU15-1995, EU25-2004, EU27-2007, EU28-2013, EU27-2020)",2025-Q2,159.98,,
ESTAT:TEICP270(1.0),03/10/25 11:00:00,Quarterly,Total,"Index, 2015=100 (NSA)",European Union - 27 countries (from 2020),2022-Q3,150.84,,
ESTAT:TEICP270(1.0),03/10/25 11:00:00,Quarterly,Total,"Index, 2015=100 (NSA)",European Union - 27 countries (from 2020),2022-Q4,148.69,,
ESTAT:TEICP270(1.0),03/10/25 11:00:00,Quarterly,Total,"Index, 2015=100 (NSA)",European Union - 27 countries (from 2020),2023-Q1,147.53,,
ESTAT:TEICP270(1.0),03/10/25 11:00:00,Quarterly,Total,"Index, 2015=100 (NSA)",European Union - 27 countries (from 2020),2023-Q2,148.13,,
ESTAT:TEICP270(1.0),03/10/25 11:00:00,Quarterly,Total,"Index, 2015=100 (NSA)",European Union - 27 countries (from 2020),2023-Q3,149.09,,
ESTAT:TEICP270(1.0),03/10/25 11:00:00,Quarterly,Total,"Index, 2015=100 (NSA)",European Union - 27 countries (from 2020),2023-Q4,148.80,,
ESTAT:TEICP270(1.0),03/10/25 11:00:00,Quarterly,Total,"Index, 2015=100 (NSA)",European Union - 27 countries (from 2020),2024-Q1,149.73,,
ESTAT:TEICP270(1.0),03/10/25 11:00:00,Quarterly,Total,"Index, 2015=100 (NSA)",European Union - 27 countries (from 2020),2024-Q2,152.61,,
ESTAT:TEICP270(1.0),03/10/25 11:00:00,Quarterly,Total,"Index, 2015=100 (NSA)",European Union - 27 countries (from 2020),2024-Q3,155.00,,
ESTAT:TEICP270(1.0),03/10/25 11:00:00,Quarterly,Total,"Index, 2015=100 (NSA)",European Union - 27 countries (from 2020),2024-Q4,156.15,,
ESTAT:TEICP270(1.0),03/10/25 11:00:00,Quarterly,Total,"Index, 2015=100 (NSA)",European Union - 27 countries (from 2020),2025-Q1,158.29,,
ESTAT:TEICP270(1.0),03/10/25 11:00:00,Quarterly,Total,"Index, 2015=100 (NSA)",European Union - 27 countries (from 2020),2025-Q2,160.85,,
ESTAT:TEICP270(1.0),03/10/25 11:00:00,Quarterly,Total,"Index, 2015=100 (NSA)",Finland,2022-Q3,112.24,,
ESTAT:TEICP270(1.0),03/10/25 11:00:00,Quarterly,Total,"Index, 2015=100 (NSA)",Finland,2022-Q4,108.51,,
ESTAT:TEICP270(1.0),03/10/25 11:00:00,Quarterly,Total,"Index, 2015=100 (NSA)",Finland,2023-Q1,105.75,,
ESTAT:TEICP270(1.0),03/10/25 11:00:00,Quarterly,Total,"Index, 2015=100 (NSA)",Finland,2023-Q2,106.58,,
ESTAT:TEICP270(1.0),03/10/25 11:00:00,Quarterly,Total,"Index, 2015=100 (NSA)",Finland,2023-Q3,103.51,,
ESTAT:TEICP270(1.0),03/10/25 11:00:00,Quarterly,Total,"Index, 2015=100 (NSA)",Finland,2023-Q4,102.48,,
ESTAT:TEICP270(1.0),03/10/25 11:00:00,Quarterly,Total,"Index, 2015=100 (NSA)",Finland,2024-Q1,101.50,,
ESTAT:TEICP270(1.0),03/10/25 11:00:00,Quarterly,Total,"Index, 2015=100 (NSA)",Finland,2024-Q2,101.85,,
ESTAT:TEICP270(1.0),03/10/25 11:00:00,Quarterly,Total,"Index, 2015=100 (NSA)",Finland,2024-Q3,101.45,,
ESTAT:TEICP270(1.0),03/10/25 11:00:00,Quarterly,Total,"Index, 2015=100 (NSA)",Finland,2024-Q4,100.59,,
ESTAT:TEICP270(1.0),03/10/25 11:00:00,Quarterly,Total,"Index, 2015=100 (NSA)",Finland,2025-Q1,99.56,,
ESTAT:TEICP270(1.0),03/10/25 11:00:00,Quarterly,Total,"Index, 2015=100 (NSA)",Finland,2025-Q2,100.50,p,
ESTAT:TEICP270(1.0),03/10/25 11:00:00,Quarterly,Total,"Index, 2015=100 (NSA)",France,2022-Q3,134.34,,
ESTAT:TEICP270(1.0),03/10/25 11:00:00,Quarterly,Total,"Index, 2015=100 (NSA)",France,2022-Q4,133.50,,
ESTAT:TEICP270(1.0),03/10/25 11:00:00,Quarterly,Total,"Index, 2015=100 (NSA)",France,2023-Q1,132.32,,
ESTAT:TEICP270(1.0),03/10/25 11:00:00,Quarterly,Total,"Index, 2015=100 (NSA)",France,2023-Q2,131.72,,
ESTAT:TEICP270(1.0),03/10/25 11:00:00,Quarterly,Total,"Index, 2015=100 (NSA)",France,2023-Q3,132.25,,
ESTAT:TEICP270(1.0),03/10/25 11:00:00,Quarterly,Total,"Index, 2015=100 (NSA)",France,2023-Q4,128.73,,
ESTAT:TEICP270(1.0),03/10/25 11:00:00,Quarterly,Total,"Index, 2015=100 (NSA)",France,2024-Q1,125.96,,
ESTAT:TEICP270(1.0),03/10/25 11:00:00,Quarterly,Total,"Index, 2015=100 (NSA)",France,2024-Q2,125.68,,
ESTAT:TEICP270(1.0),03/10/25 11:00:00,Quarterly,Total,"Index, 2015=100 (NSA)",France,2024-Q3,127.64,,
ESTAT:TEICP270(1.0),03/10/25 11:00:00,Quarterly,Total,"Index, 2015=100 (NSA)",France,2024-Q4,126.28,,
ESTAT:TEICP270(1.0),03/10/25 11:00:00,Quarterly,Total,"Index, 2015=100 (NSA)",France,2025-Q1,126.54,,
ESTAT:TEICP270(1.0),03/10/25 11:00:00,Quarterly,Total,"Index, 2015=100 (NSA)",France,2025-Q2,126.30,p,
ESTAT:TEICP270(1.0),03/10/25 11:00:00,Quarterly,Total,"Index, 2015=100 (NSA)",Croatia,2022-Q3,162.44,,
ESTAT:TEICP270(1.0),03/10/25 11:00:00,Quarterly,Total,"Index, 2015=100 (NSA)",Croatia,2022-Q4,170.11,,
ESTAT:TEICP270(1.0),03/10/25 11:00:00,Quarterly,Total,"Index, 2015=100 (NSA)",Croatia,2023-Q1,173.56,,
ESTAT:TEICP270(1.0),03/10/25 11:00:00,Quarterly,Total,"Index, 2015=100 (NSA)",Croatia,2023-Q2,179.63,,
ESTAT:TEICP270(1.0),03/10/25 11:00:00,Quarterly,Total,"Index, 2015=100 (NSA)",Croatia,2023-Q3,180.09,,
ESTAT:TEICP270(1.0),03/10/25 11:00:00,Quarterly,Total,"Index, 2015=100 (NSA)",Croatia,2023-Q4,186.24,,
ESTAT:TEICP270(1.0),03/10/25 11:00:00,Quarterly,Total,"Index, 2015=100 (NSA)",Croatia,2024-Q1,189.41,,
ESTAT:TEICP270(1.0),03/10/25 11:00:00,Quarterly,Total,"Index, 2015=100 (NSA)",Croatia,2024-Q2,197.53,,
ESTAT:TEICP270(1.0),03/10/25 11:00:00,Quarterly,Total,"Index, 2015=100 (NSA)",Croatia,2024-Q3,202.19,,
ESTAT:TEICP270(1.0),03/10/25 11:00:00,Quarterly,Total,"Index, 2015=100 (NSA)",Croatia,2024-Q4,205.01,,
ESTAT:TEICP270(1.0),03/10/25 11:00:00,Quarterly,Total,"Index, 2015=100 (NSA)",Croatia,2025-Q1,214.18,p,
ESTAT:TEICP270(1.0),03/10/25 11:00:00,Quarterly,Total,"Index, 2015=100 (NSA)",Croatia,2025-Q2,223.65,,
ESTAT:TEICP270(1.0),03/10/25 11:00:00,Quarterly,Total,"Index, 2015=100 (NSA)",Hungary,2022-Q3,262.98,,
ESTAT:TEICP270(1.0),03/10/25 11:00:00,Quarterly,Total,"Index, 2015=100 (NSA)",Hungary,2022-Q4,258.43,,
ESTAT:TEICP270(1.0),03/10/25 11:00:00,Quarterly,Total,"Index, 2015=100 (NSA)",Hungary,2023-Q1,268.81,,
ESTAT:TEICP270(1.0),03/10/25 11:00:00,Quarterly,Total,"Index, 2015=100 (NSA)",Hungary,2023-Q2,271.54,,
ESTAT:TEICP270(1.0),03/10/25 11:00:00,Quarterly,Total,"Index, 2015=100 (NSA)",Hungary,2023-Q3,272.63,,
ESTAT:TEICP270(1.0),03/10/25 11:00:00,Quarterly,Total,"Index, 2015=100 (NSA)",Hungary,2023-Q4,277.19,,
ESTAT:TEICP270(1.0),03/10/25 11:00:00,Quarterly,Total,"Index, 2015=100 (NSA)",Hungary,2024-Q1,300.99,,
ESTAT:TEICP270(1.0),03/10/25 11:00:00,Quarterly,Total,"Index, 2015=100 (NSA)",Hungary,2024-Q2,306.51,p,
ESTAT:TEICP270(1.0),03/10/25 11:00:00,Quarterly,Total,"Index, 2015=100 (NSA)",Hungary,2024-Q3,309.83,p,
ESTAT:TEICP270(1.0),03/10/25 11:00:00,Quarterly,Total,"Index, 2015=100 (NSA)",Hungary,2024-Q4,322.11,p,
ESTAT:TEICP270(1.0),03/10/25 11:00:00,Quarterly,Total,"Index, 2015=100 (NSA)",Hungary,2025-Q1,349.19,p,
ESTAT:TEICP270(1.0),03/10/25 11:00:00,Quarterly,Total,"Index, 2015=100 (NSA)",Hungary,2025-Q2,352.86,p,
ESTAT:TEICP270(1.0),03/10/25 11:00:00,Quarterly,Total,"Index, 2015=100 (NSA)",Ireland,2022-Q3,166.47,,
ESTAT:TEICP270(1.0),03/10/25 11:00:00,Quarterly,Total,"Index, 2015=100 (NSA)",Ireland,2022-Q4,168.41,,
ESTAT:TEICP270(1.0),03/10/25 11:00:00,Quarterly,Total,"Index, 2015=100 (NSA)",Ireland,2023-Q1,167.16,,
ESTAT:TEICP270(1.0),03/10/25 11:00:00,Quarterly,Total,"Index, 2015=100 (NSA)",Ireland,2023-Q2,166.30,,
ESTAT:TEICP270(1.0),03/10/25 11:00:00,Quarterly,Total,"Index, 2015=100 (NSA)",Ireland,2023-Q3,168.79,,
ESTAT:TEICP270(1.0),03/10/25 11:00:00,Quarterly,Total,"Index, 2015=100 (NSA)",Ireland,2023-Q4,173.69,,
ESTAT:TEICP270(1.0),03/10/25 11:00:00,Quarterly,Total,"Index, 2015=100 (NSA)",Ireland,2024-Q1,177.70,,
ESTAT:TEICP270(1.0),03/10/25 11:00:00,Quarterly,Total,"Index, 2015=100 (NSA)",Ireland,2024-Q2,180.34,,
ESTAT:TEICP270(1.0),03/10/25 11:00:00,Quarterly,Total,"Index, 2015=100 (NSA)",Ireland,2024-Q3,185.50,,
ESTAT:TEICP270(1.0),03/10/25 11:00:00,Quarterly,Total,"Index, 2015=100 (NSA)",Ireland,2024-Q4,189.97,,
ESTAT:TEICP270(1.0),03/10/25 11:00:00,Quarterly,Total,"Index, 2015=100 (NSA)",Ireland,2025-Q1,191.83,,
ESTAT:TEICP270(1.0),03/10/25 11:00:00,Quarterly,Total,"Index, 2015=100 (NSA)",Ireland,2025-Q2,194.28,p,
ESTAT:TEICP270(1.0),03/10/25 11:00:00,Quarterly,Total,"Index, 2015=100 (NSA)",Iceland,2022-Q3,224.47,,
ESTAT:TEICP270(1.0),03/10/25 11:00:00,Quarterly,Total,"Index, 2015=100 (NSA)",Iceland,2022-Q4,227.61,,
ESTAT:TEICP270(1.0),03/10/25 11:00:00,Quarterly,Total,"Index, 2015=100 (NSA)",Iceland,2023-Q1,226.99,,
ESTAT:TEICP270(1.0),03/10/25 11:00:00,Quarterly,Total,"Index, 2015=100 (NSA)",Iceland,2023-Q2,232.60,,
ESTAT:TEICP270(1.0),03/10/25 11:00:00,Quarterly,Total,"Index, 2015=100 (NSA)",Iceland,2023-Q3,230.49,,
ESTAT:TEICP270(1.0),03/10/25 11:00:00,Quarterly,Total,"Index, 2015=100 (NSA)",Iceland,2023-Q4,236.19,,
ESTAT:TEICP270(1.0),03/10/25 11:00:00,Quarterly,Total,"Index, 2015=100 (NSA)",Iceland,2024-Q1,239.87,,
ESTAT:TEICP270(1.0),03/10/25 11:00:00,Quarterly,Total,"Index, 2015=100 (NSA)",Iceland,2024-Q2,246.90,,
ESTAT:TEICP270(1.0),03/10/25 11:00:00,Quarterly,Total,"Index, 2015=100 (NSA)",Iceland,2024-Q3,256.22,,
ESTAT:TEICP270(1.0),03/10/25 11:00:00,Quarterly,Total,"Index, 2015=100 (NSA)",Iceland,2024-Q4,257.89,,
ESTAT:TEICP270(1.0),03/10/25 11:00:00,Quarterly,Total,"Index, 2015=100 (NSA)",Iceland,2025-Q1,258.38,,
ESTAT:TEICP270(1.0),03/10/25 11:00:00,Quarterly,Total,"Index, 2015=100 (NSA)",Iceland,2025-Q2,262.48,,
ESTAT:TEICP270(1.0),03/10/25 11:00:00,Quarterly,Total,"Index, 2015=100 (NSA)",Italy,2022-Q3,106.90,,
ESTAT:TEICP270(1.0),03/10/25 11:00:00,Quarterly,Total,"Index, 2015=100 (NSA)",Italy,2022-Q4,106.80,,
ESTAT:TEICP270(1.0),03/10/25 11:00:00,Quarterly,Total,"Index, 2015=100 (NSA)",Italy,2023-Q1,106.80,,
ESTAT:TEICP270(1.0),03/10/25 11:00:00,Quarterly,Total,"Index, 2015=100 (NSA)",Italy,2023-Q2,108.80,,
ESTAT:TEICP270(1.0),03/10/25 11:00:00,Quarterly,Total,"Index, 2015=100 (NSA)",Italy,2023-Q3,108.70,,
ESTAT:TEICP270(1.0),03/10/25 11:00:00,Quarterly,Total,"Index, 2015=100 (NSA)",Italy,2023-Q4,108.70,,
ESTAT:TEICP270(1.0),03/10/25 11:00:00,Quarterly,Total,"Index, 2015=100 (NSA)",Italy,2024-Q1,108.50,,
ESTAT:TEICP270(1.0),03/10/25 11:00:00,Quarterly,Total,"Index, 2015=100 (NSA)",Italy,2024-Q2,112.00,,
ESTAT:TEICP270(1.0),03/10/25 11:00:00,Quarterly,Total,"Index, 2015=100 (NSA)",Italy,2024-Q3,112.80,,
ESTAT:TEICP270(1.0),03/10/25 11:00:00,Quarterly,Total,"Index, 2015=100 (NSA)",Italy,2024-Q4,113.50,,
ESTAT:TEICP270(1.0),03/10/25 11:00:00,Quarterly,Total,"Index, 2015=100 (NSA)",Italy,2025-Q1,113.30,,
ESTAT:TEICP270(1.0),03/10/25 11:00:00,Quarterly,Total,"Index, 2015=100 (NSA)",Italy,2025-Q2,116.40,p,
ESTAT:TEICP270(1.0),03/10/25 11:00:00,Quarterly,Total,"Index, 2015=100 (NSA)",Lithuania,2022-Q3,199.70,,
ESTAT:TEICP270(1.0),03/10/25 11:00:00,Quarterly,Total,"Index, 2015=100 (NSA)",Lithuania,2022-Q4,203.46,,
ESTAT:TEICP270(1.0),03/10/25 11:00:00,Quarterly,Total,"Index, 2015=100 (NSA)",Lithuania,2023-Q1,207.18,,
ESTAT:TEICP270(1.0),03/10/25 11:00:00,Quarterly,Total,"Index, 2015=100 (NSA)",Lithuania,2023-Q2,212.05,,
ESTAT:TEICP270(1.0),03/10/25 11:00:00,Quarterly,Total,"Index, 2015=100 (NSA)",Lithuania,2023-Q3,217.15,,
ESTAT:TEICP270(1.0),03/10/25 11:00:00,Quarterly,Total,"Index, 2015=100 (NSA)",Lithuania,2023-Q4,220.40,,
ESTAT:TEICP270(1.0),03/10/25 11:00:00,Quarterly,Total,"Index, 2015=100 (NSA)",Lithuania,2024-Q1,227.70,,
ESTAT:TEICP270(1.0),03/10/25 11:00:00,Quarterly,Total,"Index, 2015=100 (NSA)",Lithuania,2024-Q2,234.01,,
ESTAT:TEICP270(1.0),03/10/25 11:00:00,Quarterly,Total,"Index, 2015=100 (NSA)",Lithuania,2024-Q3,236.40,,
ESTAT:TEICP270(1.0),03/10/25 11:00:00,Quarterly,Total,"Index, 2015=100 (NSA)",Lithuania,2024-Q4,241.98,,
ESTAT:TEICP270(1.0),03/10/25 11:00:00,Quarterly,Total,"Index, 2015=100 (NSA)",Lithuania,2025-Q1,247.69,,
ESTAT:TEICP270(1.0),03/10/25 11:00:00,Quarterly,Total,"Index, 2015=100 (NSA)",Lithuania,2025-Q2,254.53,,
ESTAT:TEICP270(1.0),03/10/25 11:00:00,Quarterly,Total,"Index, 2015=100 (NSA)",Luxembourg,2022-Q3,192.30,,
ESTAT:TEICP270(1.0),03/10/25 11:00:00,Quarterly,Total,"Index, 2015=100 (NSA)",Luxembourg,2022-Q4,189.35,,
ESTAT:TEICP270(1.0),03/10/25 11:00:00,Quarterly,Total,"Index, 2015=100 (NSA)",Luxembourg,2023-Q1,181.20,,
ESTAT:TEICP270(1.0),03/10/25 11:00:00,Quarterly,Total,"Index, 2015=100 (NSA)",Luxembourg,2023-Q2,177.25,,
ESTAT:TEICP270(1.0),03/10/25 11:00:00,Quarterly,Total,"Index, 2015=100 (NSA)",Luxembourg,2023-Q3,165.52,,
ESTAT:TEICP270(1.0),03/10/25 11:00:00,Quarterly,Total,"Index, 2015=100 (NSA)",Luxembourg,2023-Q4,161.96,,
ESTAT:TEICP270(1.0),03/10/25 11:00:00,Quarterly,Total,"Index, 2015=100 (NSA)",Luxembourg,2024-Q1,160.90,,
ESTAT:TEICP270(1.0),03/10/25 11:00:00,Quarterly,Total,"Index, 2015=100 (NSA)",Luxembourg,2024-Q2,162.41,,
ESTAT:TEICP270(1.0),03/10/25 11:00:00,Quarterly,Total,"Index, 2015=100 (NSA)",Luxembourg,2024-Q3,162.44,,
ESTAT:TEICP270(1.0),03/10/25 11:00:00,Quarterly,Total,"Index, 2015=100 (NSA)",Luxembourg,2024-Q4,164.25,,
ESTAT:TEICP270(1.0),03/10/25 11:00:00,Quarterly,Total,"Index, 2015=100 (NSA)",Luxembourg,2025-Q1,162.54,,
ESTAT:TEICP270(1.0),03/10/25 11:00:00,Quarterly,Total,"Index, 2015=100 (NSA)",Luxembourg,2025-Q2,169.80,p,
ESTAT:TEICP270(1.0),03/10/25 11:00:00,Quarterly,Total,"Index, 2015=100 (NSA)",Latvia,2022-Q3,187.79,,
ESTAT:TEICP270(1.0),03/10/25 11:00:00,Quarterly,Total,"Index, 2015=100 (NSA)",Latvia,2022-Q4,186.61,,
ESTAT:TEICP270(1.0),03/10/25 11:00:00,Quarterly,Total,"Index, 2015=100 (NSA)",Latvia,2023-Q1,186.40,,
ESTAT:TEICP270(1.0),03/10/25 11:00:00,Quarterly,Total,"Index, 2015=100 (NSA)",Latvia,2023-Q2,195.54,,
ESTAT:TEICP270(1.0),03/10/25 11:00:00,Quarterly,Total,"Index, 2015=100 (NSA)",Latvia,2023-Q3,193.46,,
ESTAT:TEICP270(1.0),03/10/25 11:00:00,Quarterly,Total,"Index, 2015=100 (NSA)",Latvia,2023-Q4,188.14,,
ESTAT:TEICP270(1.0),03/10/25 11:00:00,Quarterly,Total,"Index, 2015=100 (NSA)",Latvia,2024-Q1,193.14,,
ESTAT:TEICP270(1.0),03/10/25 11:00:00,Quarterly,Total,"Index, 2015=100 (NSA)",Latvia,2024-Q2,196.94,,
ESTAT:TEICP270(1.0),03/10/25 11:00:00,Quarterly,Total,"Index, 2015=100 (NSA)",Latvia,2024-Q3,203.62,,
ESTAT:TEICP270(1.0),03/10/25 11:00:00,Quarterly,Total,"Index, 2015=100 (NSA)",Latvia,2024-Q4,201.90,,
ESTAT:TEICP270(1.0),03/10/25 11:00:00,Quarterly,Total,"Index, 2015=100 (NSA)",Latvia,2025-Q1,203.64,,
ESTAT:TEICP270(1.0),03/10/25 11:00:00,Quarterly,Total,"Index, 2015=100 (NSA)",Latvia,2025-Q2,210.21,p,
ESTAT:TEICP270(1.0),03/10/25 11:00:00,Quarterly,Total,"Index, 2015=100 (NSA)",Malta,2022-Q3,146.23,,
ESTAT:TEICP270(1.0),03/10/25 11:00:00,Quarterly,Total,"Index, 2015=100 (NSA)",Malta,2022-Q4,147.24,,
ESTAT:TEICP270(1.0),03/10/25 11:00:00,Quarterly,Total,"Index, 2015=100 (NSA)",Malta,2023-Q1,149.89,,
ESTAT:TEICP270(1.0),03/10/25 11:00:00,Quarterly,Total,"Index, 2015=100 (NSA)",Malta,2023-Q2,152.24,,
ESTAT:TEICP270(1.0),03/10/25 11:00:00,Quarterly,Total,"Index, 2015=100 (NSA)",Malta,2023-Q3,154.51,,
ESTAT:TEICP270(1.0),03/10/25 11:00:00,Quarterly,Total,"Index, 2015=100 (NSA)",Malta,2023-Q4,157.05,,
ESTAT:TEICP270(1.0),03/10/25 11:00:00,Quarterly,Total,"Index, 2015=100 (NSA)",Malta,2024-Q1,159.98,,
ESTAT:TEICP270(1.0),03/10/25 11:00:00,Quarterly,Total,"Index, 2015=100 (NSA)",Malta,2024-Q2,162.74,,
ESTAT:TEICP270(1.0),03/10/25 11:00:00,Quarterly,Total,"Index, 2015=100 (NSA)",Malta,2024-Q3,165.26,p,
ESTAT:TEICP270(1.0),03/10/25 11:00:00,Quarterly,Total,"Index, 2015=100 (NSA)",Malta,2024-Q4,166.62,p,
ESTAT:TEICP270(1.0),03/10/25 11:00:00,Quarterly,Total,"Index, 2015=100 (NSA)",Malta,2025-Q1,169.11,p,
ESTAT:TEICP270(1.0),03/10/25 11:00:00,Quarterly,Total,"Index, 2015=100 (NSA)",Malta,2025-Q2,171.93,p,
ESTAT:TEICP270(1.0),03/10/25 11:00:00,Quarterly,Total,"Index, 2015=100 (NSA)",Netherlands,2022-Q3,189.95,,
ESTAT:TEICP270(1.0),03/10/25 11:00:00,Quarterly,Total,"Index, 2015=100 (NSA)",Netherlands,2022-Q4,185.89,,
ESTAT:TEICP270(1.0),03/10/25 11:00:00,Quarterly,Total,"Index, 2015=100 (NSA)",Netherlands,2023-Q1,183.14,,
ESTAT:TEICP270(1.0),03/10/25 11:00:00,Quarterly,Total,"Index, 2015=100 (NSA)",Netherlands,2023-Q2,180.92,,
ESTAT:TEICP270(1.0),03/10/25 11:00:00,Quarterly,Total,"Index, 2015=100 (NSA)",Netherlands,2023-Q3,182.91,,
ESTAT:TEICP270(1.0),03/10/25 11:00:00,Quarterly,Total,"Index, 2015=100 (NSA)",Netherlands,2023-Q4,186.07,,
ESTAT:TEICP270(1.0),03/10/25 11:00:00,Quarterly,Total,"Index, 2015=100 (NSA)",Netherlands,2024-Q1,189.87,,
ESTAT:TEICP270(1.0),03/10/25 11:00:00,Quarterly,Total,"Index, 2015=100 (NSA)",Netherlands,2024-Q2,194.81,,
ESTAT:TEICP270(1.0),03/10/25 11:00:00,Quarterly,Total,"Index, 2015=100 (NSA)",Netherlands,2024-Q3,201.98,,
ESTAT:TEICP270(1.0),03/10/25 11:00:00,Quarterly,Total,"Index, 2015=100 (NSA)",Netherlands,2024-Q4,206.31,,
ESTAT:TEICP270(1.0),03/10/25 11:00:00,Quarterly,Total,"Index, 2015=100 (NSA)",Netherlands,2025-Q1,210.27,,
ESTAT:TEICP270(1.0),03/10/25 11:00:00,Quarterly,Total,"Index, 2015=100 (NSA)",Netherlands,2025-Q2,213.30,p,
ESTAT:TEICP270(1.0),03/10/25 11:00:00,Quarterly,Total,"Index, 2015=100 (NSA)",Norway,2022-Q3,147.93,,
ESTAT:TEICP270(1.0),03/10/25 11:00:00,Quarterly,Total,"Index, 2015=100 (NSA)",Norway,2022-Q4,142.62,,
ESTAT:TEICP270(1.0),03/10/25 11:00:00,Quarterly,Total,"Index, 2015=100 (NSA)",Norway,2023-Q1,147.07,,
ESTAT:TEICP270(1.0),03/10/25 11:00:00,Quarterly,Total,"Index, 2015=100 (NSA)",Norway,2023-Q2,150.50,,
ESTAT:TEICP270(1.0),03/10/25 11:00:00,Quarterly,Total,"Index, 2015=100 (NSA)",Norway,2023-Q3,147.25,,
ESTAT:TEICP270(1.0),03/10/25 11:00:00,Quarterly,Total,"Index, 2015=100 (NSA)",Norway,2023-Q4,145.68,,
ESTAT:TEICP270(1.0),03/10/25 11:00:00,Quarterly,Total,"Index, 2015=100 (NSA)",Norway,2024-Q1,149.75,,
ESTAT:TEICP270(1.0),03/10/25 11:00:00,Quarterly,Total,"Index, 2015=100 (NSA)",Norway,2024-Q2,154.96,,
ESTAT:TEICP270(1.0),03/10/25 11:00:00,Quarterly,Total,"Index, 2015=100 (NSA)",Norway,2024-Q3,154.35,,
ESTAT:TEICP270(1.0),03/10/25 11:00:00,Quarterly,Total,"Index, 2015=100 (NSA)",Norway,2024-Q4,152.59,,
ESTAT:TEICP270(1.0),03/10/25 11:00:00,Quarterly,Total,"Index, 2015=100 (NSA)",Norway,2025-Q1,159.86,,
ESTAT:TEICP270(1.0),03/10/25 11:00:00,Quarterly,Total,"Index, 2015=100 (NSA)",Norway,2025-Q2,163.15,,
ESTAT:TEICP270(1.0),03/10/25 11:00:00,Quarterly,Total,"Index, 2015=100 (NSA)",Poland,2022-Q3,167.38,,
ESTAT:TEICP270(1.0),03/10/25 11:00:00,Quarterly,Total,"Index, 2015=100 (NSA)",Poland,2022-Q4,169.64,,
ESTAT:TEICP270(1.0),03/10/25 11:00:00,Quarterly,Total,"Index, 2015=100 (NSA)",Poland,2023-Q1,169.52,,
ESTAT:TEICP270(1.0),03/10/25 11:00:00,Quarterly,Total,"Index, 2015=100 (NSA)",Poland,2023-Q2,175.00,,
ESTAT:TEICP270(1.0),03/10/25 11:00:00,Quarterly,Total,"Index, 2015=100 (NSA)",Poland,2023-Q3,182.88,,
ESTAT:TEICP270(1.0),03/10/25 11:00:00,Quarterly,Total,"Index, 2015=100 (NSA)",Poland,2023-Q4,191.72,,
ESTAT:TEICP270(1.0),03/10/25 11:00:00,Quarterly,Total,"Index, 2015=100 (NSA)",Poland,2024-Q1,200.04,,
ESTAT:TEICP270(1.0),03/10/25 11:00:00,Quarterly,Total,"Index, 2015=100 (NSA)",Poland,2024-Q2,205.92,,
ESTAT:TEICP270(1.0),03/10/25 11:00:00,Quarterly,Total,"Index, 2015=100 (NSA)",Poland,2024-Q3,209.20,,
ESTAT:TEICP270(1.0),03/10/25 11:00:00,Quarterly,Total,"Index, 2015=100 (NSA)",Poland,2024-Q4,211.65,,
ESTAT:TEICP270(1.0),03/10/25 11:00:00,Quarterly,Total,"Index, 2015=100 (NSA)",Poland,2025-Q1,213.20,,
ESTAT:TEICP270(1.0),03/10/25 11:00:00,Quarterly,Total,"Index, 2015=100 (NSA)",Poland,2025-Q2,215.66,,
ESTAT:TEICP270(1.0),03/10/25 11:00:00,Quarterly,Total,"Index, 2015=100 (NSA)",Portugal,2022-Q3,193.82,,
ESTAT:TEICP270(1.0),03/10/25 11:00:00,Quarterly,Total,"Index, 2015=100 (NSA)",Portugal,2022-Q4,195.91,,
ESTAT:TEICP270(1.0),03/10/25 11:00:00,Quarterly,Total,"Index, 2015=100 (NSA)",Portugal,2023-Q1,198.55,,
ESTAT:TEICP270(1.0),03/10/25 11:00:00,Quarterly,Total,"Index, 2015=100 (NSA)",Portugal,2023-Q2,204.74,,
ESTAT:TEICP270(1.0),03/10/25 11:00:00,Quarterly,Total,"Index, 2015=100 (NSA)",Portugal,2023-Q3,208.48,,
ESTAT:TEICP270(1.0),03/10/25 11:00:00,Quarterly,Total,"Index, 2015=100 (NSA)",Portugal,2023-Q4,211.27,,
ESTAT:TEICP270(1.0),03/10/25 11:00:00,Quarterly,Total,"Index, 2015=100 (NSA)",Portugal,2024-Q1,212.45,,
ESTAT:TEICP270(1.0),03/10/25 11:00:00,Quarterly,Total,"Index, 2015=100 (NSA)",Portugal,2024-Q2,220.74,,
ESTAT:TEICP270(1.0),03/10/25 11:00:00,Quarterly,Total,"Index, 2015=100 (NSA)",Portugal,2024-Q3,228.89,,
ESTAT:TEICP270(1.0),03/10/25 11:00:00,Quarterly,Total,"Index, 2015=100 (NSA)",Portugal,2024-Q4,235.68,,
ESTAT:TEICP270(1.0),03/10/25 11:00:00,Quarterly,Total,"Index, 2015=100 (NSA)",Portugal,2025-Q1,247.05,,
ESTAT:TEICP270(1.0),03/10/25 11:00:00,Quarterly,Total,"Index, 2015=100 (NSA)",Portugal,2025-Q2,258.78,,
ESTAT:TEICP270(1.0),03/10/25 11:00:00,Quarterly,Total,"Index, 2015=100 (NSA)",Romania,2022-Q3,143.20,,
ESTAT:TEICP270(1.0),03/10/25 11:00:00,Quarterly,Total,"Index, 2015=100 (NSA)",Romania,2022-Q4,146.83,,
ESTAT:TEICP270(1.0),03/10/25 11:00:00,Quarterly,Total,"Index, 2015=100 (NSA)",Romania,2023-Q1,146.28,,
ESTAT:TEICP270(1.0),03/10/25 11:00:00,Quarterly,Total,"Index, 2015=100 (NSA)",Romania,2023-Q2,145.14,,
ESTAT:TEICP270(1.0),03/10/25 11:00:00,Quarterly,Total,"Index, 2015=100 (NSA)",Romania,2023-Q3,150.02,,
ESTAT:TEICP270(1.0),03/10/25 11:00:00,Quarterly,Total,"Index, 2015=100 (NSA)",Romania,2023-Q4,152.28,,
ESTAT:TEICP270(1.0),03/10/25 11:00:00,Quarterly,Total,"Index, 2015=100 (NSA)",Romania,2024-Q1,154.26,,
ESTAT:TEICP270(1.0),03/10/25 11:00:00,Quarterly,Total,"Index, 2015=100 (NSA)",Romania,2024-Q2,155.06,,
ESTAT:TEICP270(1.0),03/10/25 11:00:00,Quarterly,Total,"Index, 2015=100 (NSA)",Romania,2024-Q3,155.86,,
ESTAT:TEICP270(1.0),03/10/25 11:00:00,Quarterly,Total,"Index, 2015=100 (NSA)",Romania,2024-Q4,158.36,,
ESTAT:TEICP270(1.0),03/10/25 11:00:00,Quarterly,Total,"Index, 2015=100 (NSA)",Romania,2025-Q1,161.75,,
ESTAT:TEICP270(1.0),03/10/25 11:00:00,Quarterly,Total,"Index, 2015=100 (NSA)",Romania,2025-Q2,162.38,,
ESTAT:TEICP270(1.0),03/10/25 11:00:00,Quarterly,Total,"Index, 2015=100 (NSA)",Sweden,2022-Q3,138.46,,
ESTAT:TEICP270(1.0),03/10/25 11:00:00,Quarterly,Total,"Index, 2015=100 (NSA)",Sweden,2022-Q4,133.49,,
ESTAT:TEICP270(1.0),03/10/25 11:00:00,Quarterly,Total,"Index, 2015=100 (NSA)",Sweden,2023-Q1,132.37,,
ESTAT:TEICP270(1.0),03/10/25 11:00:00,Quarterly,Total,"Index, 2015=100 (NSA)",Sweden,2023-Q2,133.15,,
ESTAT:TEICP270(1.0),03/10/25 11:00:00,Quarterly,Total,"Index, 2015=100 (NSA)",Sweden,2023-Q3,132.61,,
ESTAT:TEICP270(1.0),03/10/25 11:00:00,Quarterly,Total,"Index, 2015=100 (NSA)",Sweden,2023-Q4,129.59,,
ESTAT:TEICP270(1.0),03/10/25 11:00:00,Quarterly,Total,"Index, 2015=100 (NSA)",Sweden,2024-Q1,130.30,,
ESTAT:TEICP270(1.0),03/10/25 11:00:00,Quarterly,Total,"Index, 2015=100 (NSA)",Sweden,2024-Q2,132.13,,
ESTAT:TEICP270(1.0),03/10/25 11:00:00,Quarterly,Total,"Index, 2015=100 (NSA)",Sweden,2024-Q3,133.00,,
ESTAT:TEICP270(1.0),03/10/25 11:00:00,Quarterly,Total,"Index, 2015=100 (NSA)",Sweden,2024-Q4,132.64,,
ESTAT:TEICP270(1.0),03/10/25 11:00:00,Quarterly,Total,"Index, 2015=100 (NSA)",Sweden,2025-Q1,132.73,,
ESTAT:TEICP270(1.0),03/10/25 11:00:00,Quarterly,Total,"Index, 2015=100 (NSA)",Sweden,2025-Q2,133.01,,
ESTAT:TEICP270(1.0),03/10/25 11:00:00,Quarterly,Total,"Index, 2015=100 (NSA)",Slovenia,2022-Q3,176.40,,
ESTAT:TEICP270(1.0),03/10/25 11:00:00,Quarterly,Total,"Index, 2015=100 (NSA)",Slovenia,2022-Q4,178.83,,
ESTAT:TEICP270(1.0),03/10/25 11:00:00,Quarterly,Total,"Index, 2015=100 (NSA)",Slovenia,2023-Q1,181.96,,
ESTAT:TEICP270(1.0),03/10/25 11:00:00,Quarterly,Total,"Index, 2015=100 (NSA)",Slovenia,2023-Q2,185.39,,
ESTAT:TEICP270(1.0),03/10/25 11:00:00,Quarterly,Total,"Index, 2015=100 (NSA)",Slovenia,2023-Q3,186.33,,
ESTAT:TEICP270(1.0),03/10/25 11:00:00,Quarterly,Total,"Index, 2015=100 (NSA)",Slovenia,2023-Q4,191.19,,
ESTAT:TEICP270(1.0),03/10/25 11:00:00,Quarterly,Total,"Index, 2015=100 (NSA)",Slovenia,2024-Q1,195.44,,
ESTAT:TEICP270(1.0),03/10/25 11:00:00,Quarterly,Total,"Index, 2015=100 (NSA)",Slovenia,2024-Q2,198.33,,
ESTAT:TEICP270(1.0),03/10/25 11:00:00,Quarterly,Total,"Index, 2015=100 (NSA)",Slovenia,2024-Q3,201.54,,
ESTAT:TEICP270(1.0),03/10/25 11:00:00,Quarterly,Total,"Index, 2015=100 (NSA)",Slovenia,2024-Q4,205.71,,
ESTAT:TEICP270(1.0),03/10/25 11:00:00,Quarterly,Total,"Index, 2015=100 (NSA)",Slovenia,2025-Q1,201.66,p,
ESTAT:TEICP270(1.0),03/10/25 11:00:00,Quarterly,Total,"Index, 2015=100 (NSA)",Slovenia,2025-Q2,209.31,p,
ESTAT:TEICP270(1.0),03/10/25 11:00:00,Quarterly,Total,"Index, 2015=100 (NSA)",Slovakia,2022-Q3,180.57,,
ESTAT:TEICP270(1.0),03/10/25 11:00:00,Quarterly,Total,"Index, 2015=100 (NSA)",Slovakia,2022-Q4,179.07,,
ESTAT:TEICP270(1.0),03/10/25 11:00:00,Quarterly,Total,"Index, 2015=100 (NSA)",Slovakia,2023-Q1,178.82,,
ESTAT:TEICP270(1.0),03/10/25 11:00:00,Quarterly,Total,"Index, 2015=100 (NSA)",Slovakia,2023-Q2,171.75,,
ESTAT:TEICP270(1.0),03/10/25 11:00:00,Quarterly,Total,"Index, 2015=100 (NSA)",Slovakia,2023-Q3,173.20,,
ESTAT:TEICP270(1.0),03/10/25 11:00:00,Quarterly,Total,"Index, 2015=100 (NSA)",Slovakia,2023-Q4,176.56,,
ESTAT:TEICP270(1.0),03/10/25 11:00:00,Quarterly,Total,"Index, 2015=100 (NSA)",Slovakia,2024-Q1,173.51,,
ESTAT:TEICP270(1.0),03/10/25 11:00:00,Quarterly,Total,"Index, 2015=100 (NSA)",Slovakia,2024-Q2,178.70,,
ESTAT:TEICP270(1.0),03/10/25 11:00:00,Quarterly,Total,"Index, 2015=100 (NSA)",Slovakia,2024-Q3,183.88,,
ESTAT:TEICP270(1.0),03/10/25 11:00:00,Quarterly,Total,"Index, 2015=100 (NSA)",Slovakia,2024-Q4,190.58,,
ESTAT:TEICP270(1.0),03/10/25 11:00:00,Quarterly,Total,"Index, 2015=100 (NSA)",Slovakia,2025-Q1,194.60,,
ESTAT:TEICP270(1.0),03/10/25 11:00:00,Quarterly,Total,"Index, 2015=100 (NSA)",Slovakia,2025-Q2,198.85,,
ESTAT:TEICP270(1.0),03/10/25 11:00:00,Quarterly,Total,"Index, 2015=100 (NSA)",Türkiye,2022-Q3,684.29,d,
ESTAT:TEICP270(1.0),03/10/25 11:00:00,Quarterly,Total,"Index, 2015=100 (NSA)",Türkiye,2022-Q4,783.05,d,
ESTAT:TEICP270(1.0),03/10/25 11:00:00,Quarterly,Total,"Index, 2015=100 (NSA)",Türkiye,2023-Q1,960.71,d,
ESTAT:TEICP270(1.0),03/10/25 11:00:00,Quarterly,Total,"Index, 2015=100 (NSA)",Türkiye,2023-Q2,1112.22,d,
ESTAT:TEICP270(1.0),03/10/25 11:00:00,Quarterly,Total,"Index, 2015=100 (NSA)",Türkiye,2023-Q3,1325.85,d,
ESTAT:TEICP270(1.0),03/10/25 11:00:00,Quarterly,Total,"Index, 2015=100 (NSA)",Türkiye,2023-Q4,1466.37,d,
ESTAT:TEICP270(1.0),03/10/25 11:00:00,Quarterly,Total,"Index, 2015=100 (NSA)",Türkiye,2024-Q1,1569.31,d,
ESTAT:TEICP270(1.0),03/10/25 11:00:00,Quarterly,Total,"Index, 2015=100 (NSA)",Türkiye,2024-Q2,1664.83,d,
ESTAT:TEICP270(1.0),03/10/25 11:00:00,Quarterly,Total,"Index, 2015=100 (NSA)",Türkiye,2024-Q3,1767.04,d,
ESTAT:TEICP270(1.0),03/10/25 11:00:00,Quarterly,Total,"Index, 2015=100 (NSA)",Türkiye,2024-Q4,1884.94,d,
